OBJECTID,Order_,ID,Depth_m,Temp_C,Length_m,Speed_kmh,Direction_,Lat,Long,Depth_Adju,geometry,Temp
1,1,1,0.4,17.7,2,0.8,44,62.48985,-114.40197,0.6,POINT (633861.6588208731 6931444.290939059),-14.116113662719727
2,2,2,0.4,17.9,11,4.0,66,62.4899,-114.40142,0.6,POINT (633889.7619429054 6931450.998240907),-14.105748176574707
3,3,3,0.4,17.9,12,4.0,49,62.48994,-114.40121,0.6,POINT (633900.3984783748 6931455.887359049),-14.109203338623047
4,4,4,0.4,18.0,11,4.0,25,62.49019,-114.40076,0.6,POINT (633922.4544485146 6931484.65625263),-14.095383644104004
5,5,5,0.4,18.0,12,4.0,20,62.49028,-114.40067,0.6,POINT (633926.6862657703 6931494.86377712),-14.098837852478027
6,6,6,0.4,18.0,13,5.0,22,62.49038,-114.40059,0.6,POINT (633930.3581896983 6931506.164000828),-14.098837852478027
7,7,7,0.4,17.9,11,4.0,324,62.49253,-114.40058,0.6,POINT (633921.2338300534 6931745.572623756),-14.313312530517578
8,8,8,0.4,17.9,11,4.0,336,62.49261,-114.40071,0.6,POINT (633914.1802492412 6931754.210502524),-14.27522087097168
9,9,9,0.4,17.9,12,4.0,345,62.49271,-114.4008,0.6,POINT (633909.0970059959 6931765.158201989),-14.237146377563477
10,10,10,0.4,18.0,11,4.0,21,62.49281,-114.40086,0.6,POINT (633905.5587604279 6931776.168113567),-14.237146377563477
11,11,11,0.4,18.0,13,5.0,39,62.49291,-114.40078,0.6,POINT (633909.2303578863 6931787.468319103),-14.212925910949707
12,12,12,0.4,18.0,13,5.0,37,62.493,-114.40063,0.6,POINT (633916.5516603636 6931797.800251957),-14.230225563049316
13,13,13,0.4,18.0,13,5.0,30,62.49309,-114.40048,0.6,POINT (633923.8729154011 6931808.132201497),-14.230225563049316
14,14,14,0.4,18.1,13,5.0,21,62.49319,-114.40035,0.6,POINT (633930.1193188056 6931819.536121942),-14.219844818115234
15,15,15,0.4,18.1,13,5.0,13,62.4933,-114.40026,0.6,POINT (633934.2609133115 6931831.970527984),-14.219844818115234
16,16,16,0.4,18.1,13,5.0,10,62.49341,-114.40021,0.6,POINT (633936.3425587146 6931844.321979497),-14.219844818115234
17,17,17,0.4,18.2,12,4.0,13,62.49352,-114.40017,0.6,POINT (633937.9092079224 6931856.652692419),-14.219844818115234
18,18,18,0.4,18.2,7,3.0,37,62.49363,-114.40011,0.6,POINT (633940.5057909163 6931869.024887297),-14.219844818115234
19,19,19,0.4,18.3,54,19.0,245,62.49368,-114.40003,0.6,POINT (633944.4013649877 6931874.757974479),-14.219844818115234
20,21,21,0.4,18.3,15,5.0,88,62.49351,-114.40061,0.6,POINT (633915.2950672433 6931854.626771167),-14.219844818115234
21,22,22,0.4,18.4,13,5.0,90,62.49351,-114.40005,0.6,POINT (633944.133772064 6931855.788147837),-14.219844818115234
22,23,23,0.4,18.4,12,4.0,90,62.49352,-114.39979,0.6,POINT (633957.4783193804 6931857.440875374),-14.25098991394043
23,24,24,0.4,18.5,12,4.0,91,62.49351,-114.39955,0.6,POINT (633969.8826094475 6931856.825302735),-14.25098991394043
24,25,25,0.4,17.4,11,4.0,239,62.48983,-114.40032,0.6,POINT (633946.7301305905 6931445.485221721),-14.091928482055664
25,26,26,0.4,17.5,11,4.0,231,62.48967,-114.40085,0.6,POINT (633920.1502527604 6931426.571159743),-14.095383644104004
26,27,27,0.4,17.5,11,4.0,228,62.48961,-114.40101,0.6,POINT (633912.1785178995 6931419.558791302),-14.098837852478027
27,28,28,0.4,17.5,10,4.0,231,62.48955,-114.40116,0.6,POINT (633904.7217945494 6931412.567176573),-14.098837852478027
28,29,29,0.4,17.5,10,3.0,225,62.48949,-114.40131,0.6,POINT (633897.2650394738 6931405.575578943),-14.098837852478027
29,30,30,0.4,17.5,9,3.0,211,62.48943,-114.40145,0.6,POINT (633890.3233001912 6931398.604730349),-14.098837852478027
30,31,31,0.4,17.5,7,3.0,131,62.48936,-114.40154,0.6,POINT (633886.0015911739 6931390.624119911),-14.067749977111816
31,32,32,0.4,17.5,9,3.0,66,62.48932,-114.40143,0.6,POINT (633891.8464026079 6931386.398440465),-14.067749977111816
32,33,33,0.4,17.5,11,4.0,57,62.48935,-114.40127,0.6,POINT (633899.9527281057 6931390.07046238),-14.067749977111816
33,34,34,0.4,17.5,11,4.0,60,62.48941,-114.40109,0.6,POINT (633908.954658824 6931397.124269914),-14.098837852478027
34,35,35,0.4,17.5,11,4.0,64,62.48945,-114.40091,0.6,POINT (633918.0462070918 6931401.951238394),-14.091928482055664
35,36,36,0.4,17.4,11,4.0,64,62.4895,-114.40071,0.6,POINT (633928.1229909938 6931407.933139443),-14.091928482055664
36,37,37,0.4,17.4,8,3.0,70,62.4925,-114.39038,0.6,POINT (634446.6613563141 6931763.425968632),-14.306386947631836
37,38,38,0.4,18.8,9,3.0,82,62.49258,-114.39047,0.6,POINT (634441.6663546944 6931772.146019157),-14.306386947631836
38,39,39,0.4,16.9,12,4.0,213,62.48857,-114.40129,0.6,POINT (633902.4186759619 6931303.181294817),-13.978005409240723
39,40,40,0.4,16.9,10,4.0,225,62.48848,-114.40141,0.6,POINT (633896.6412976198 6931292.911607459),-13.978005409240723
40,41,41,0.4,16.9,10,4.0,264,62.48842,-114.40155,0.6,POINT (633889.6993012317 6931285.940763365),-13.978005409240723
41,42,42,0.4,16.9,9,3.0,295,62.48841,-114.40175,0.6,POINT (633879.4428143911 6931284.412712898),-14.002158164978027
42,43,43,0.4,16.9,12,4.0,330,62.48853,-114.40202,0.6,POINT (633864.9983539265 6931297.214217179),-14.002158164978027
43,44,44,0.4,16.8,11,4.0,319,62.48862,-114.40213,0.6,POINT (633858.9294007998 6931307.007107005),-14.033222198486328
44,45,45,0.4,16.8,11,4.0,311,62.48869,-114.40227,0.6,POINT (633851.404908997 6931314.510964718),-14.085020065307617
45,46,46,0.4,16.8,11,4.0,304,62.48876,-114.40243,0.6,POINT (633842.8503317386 6931321.973389946),-14.085020065307617
46,47,47,0.4,16.8,11,4.0,325,62.48894,-114.40294,0.6,POINT (633815.7760375012 6931340.958335295),-14.126482009887695
47,48,48,0.4,16.8,11,4.0,337,62.48903,-114.40306,0.6,POINT (633809.1922463253 6931350.730593413),-14.126482009887695
48,49,49,0.4,17.0,11,4.0,12,62.4892,-114.40314,0.6,POINT (633804.3103906857 6931369.493202433),-14.136850357055664
49,50,50,0.4,17.0,10,4.0,20,62.4893,-114.4031,0.6,POINT (633805.922698264 6931380.710407719),-14.136850357055664
50,51,51,0.4,17.1,9,3.0,28,62.48939,-114.40303,0.6,POINT (633809.1249280842 6931390.876338862),-14.136850357055664
51,52,52,0.4,17.2,8,3.0,41,62.48946,-114.40295,0.6,POINT (633812.931768069 6931398.836127412),-14.14721965789795
52,53,53,0.4,17.2,7,2.0,50,62.48952,-114.40284,0.6,POINT (633818.3285213392 6931405.74464985),-14.14721965789795
53,54,54,0.4,17.3,4,2.0,58,62.48956,-114.40274,0.6,POINT (633823.2997988472 6931410.405593909),-14.14721965789795
54,55,55,0.4,17.3,3,1.1,63,62.48958,-114.40267,0.6,POINT (633826.8155227499 6931412.777512997),-14.129937171936035
55,56,56,0.4,17.4,3,1.2,80,62.48959,-114.40262,0.6,POINT (633829.3459503939 6931413.994557738),-14.129937171936035
56,57,57,0.4,17.4,8,3.0,66,62.4896,-114.40255,0.6,POINT (633832.9064659392 6931415.253050536),-14.129937171936035
57,58,58,0.5,17.8,6,2.0,73,62.48987,-114.40194,0.7,POINT (633863.1143215392 6931446.579987336),-14.116113662719727
58,59,59,0.5,17.8,11,4.0,88,62.48988,-114.40183,0.7,POINT (633868.7349497089 6931447.921431117),-14.116113662719727
59,60,60,0.5,17.8,10,4.0,83,62.48989,-114.40162,0.7,POINT (633879.5059701493 6931449.470184539),-14.116113662719727
60,61,61,0.5,17.9,12,4.0,41,62.49001,-114.40103,0.7,POINT (633909.3553919513 6931464.054602165),-14.109203338623047
61,62,62,0.5,18.0,12,4.0,31,62.49009,-114.40088,0.7,POINT (633916.722323955 6931473.273092911),-14.095383644104004
62,63,63,0.5,18.0,13,5.0,31,62.49049,-114.40049,0.7,POINT (633935.015308301 6931518.6191389),-14.119569778442383
63,64,64,0.5,18.0,13,5.0,39,62.49058,-114.40037,0.7,POINT (633940.7921176692 6931528.88890028),-14.119569778442383
64,65,65,0.5,17.9,11,4.0,326,62.49237,-114.40032,0.7,POINT (633935.3410973484 6931728.296910096),-14.313312530517578
65,66,66,0.5,17.9,11,4.0,323,62.49245,-114.40045,0.7,POINT (633928.287446091 6931736.934759613),-14.313312530517578
66,67,67,0.5,18.4,14,5.0,89,62.49351,-114.40033,0.7,POINT (633929.7144205691 6931855.207428224),-14.219844818115234
67,68,68,0.5,18.5,12,4.0,91,62.49351,-114.39931,0.7,POINT (633982.2420493113 6931857.323207945),-14.26829719543457
68,69,69,0.5,18.5,12,4.0,94,62.49351,-114.39909,0.7,POINT (633993.57153467 6931857.779661421),-14.26829719543457
69,70,70,0.5,18.5,11,4.0,95,62.4935,-114.39885,0.7,POINT (634005.9758370128 6931857.16422331),-14.264835357666016
70,71,71,0.5,18.5,12,4.0,90,62.4935,-114.39864,0.7,POINT (634016.7903471496 6931857.60000525),-14.264835357666016
71,72,72,0.5,18.5,11,4.0,88,62.4935,-114.39841,0.7,POINT (634028.6348094437 6931858.077330608),-14.264835357666016
72,73,73,0.5,18.5,10,4.0,98,62.4935,-114.3982,0.7,POINT (634039.4493174134 6931858.513186272),-14.261373519897461
73,74,74,0.5,17.4,11,4.0,237,62.48978,-114.40051,0.7,POINT (633937.168537952 6931439.524001829),-14.095383644104004
74,75,75,0.5,17.5,10,4.0,235,62.48973,-114.40068,0.7,POINT (633928.63699592 6931433.604285639),-14.095383644104004
75,76,76,0.5,17.4,11,4.0,64,62.48954,-114.40051,0.7,POINT (633938.2445741501 6931412.801639687),-14.091928482055664
76,77,77,0.5,17.4,11,4.0,58,62.48959,-114.40032,0.7,POINT (633947.8062459501 6931418.76286174),-14.08847427368164
77,78,78,0.5,17.4,9,3.0,70,62.49247,-114.39055,0.7,POINT (634438.0415161215 6931759.73177981),-14.306386947631836
78,79,79,0.5,17.4,6,2.0,74,62.49253,-114.39023,0.7,POINT (634454.2511953786 6931767.078539945),-14.306386947631836
79,80,80,0.5,18.9,9,3.0,94,62.49281,-114.39127,0.7,POINT (634399.4322025487 6931796.089664832),-14.351423263549805
80,81,81,0.5,18.9,9,3.0,160,62.49281,-114.3911,0.7,POINT (634408.1869781939 6931796.44347211),-14.351423263549805
81,82,82,0.5,18.8,9,3.0,176,62.49273,-114.39104,0.7,POINT (634411.6368948128 6931787.660931967),-14.351423263549805
82,83,83,0.5,18.7,7,3.0,129,62.49259,-114.39029,0.7,POINT (634450.8911728021 6931773.63418331),-14.306386947631836
83,84,84,0.5,18.7,10,4.0,188,62.4924,-114.39061,0.7,POINT (634435.266608391 6931751.81288702),-14.26829719543457
84,85,85,0.5,16.9,12,4.0,209,62.48867,-114.40118,0.7,POINT (633907.6361327637 6931314.543690063),-13.995256423950195
85,86,86,0.6,18.1,12,4.0,349,62.49157,-114.39885,0.8,POINT (634014.6347174011 6931642.271985665),-14.202548027038574
86,87,87,0.6,17.9,12,4.0,338,62.49217,-114.40012,0.8,POINT (633946.5378805343 6931706.443078727),-14.313313484191895
87,88,88,0.6,18.5,11,4.0,116,62.49349,-114.398,0.8,POINT (634049.7937275777 6931857.814888649),-14.261373519897461
88,89,89,0.6,18.5,12,4.0,123,62.49344,-114.3978,0.8,POINT (634060.3176763449 6931852.662899658),-14.261373519897461
89,90,90,0.6,17.4,11,4.0,236,62.48989,-114.40014,0.8,POINT (633955.7318087416 6931452.539158829),-14.091928482055664
90,91,91,0.6,17.4,12,4.0,59,62.48964,-114.40014,0.8,POINT (633956.8528404357 6931424.703369278),-14.08847427368164
91,92,92,0.6,17.4,11,4.0,60,62.4897,-114.39993,0.8,POINT (633967.3996861894 6931431.819564886),-14.091928482055664
92,93,93,0.6,17.3,10,3.0,66,62.49244,-114.39072,0.8,POINT (634429.4216576163 6931756.037613541),-14.306386947631836
93,94,94,0.6,17.5,5,2.0,77,62.49254,-114.39011,0.8,POINT (634460.3860766711 6931768.441812001),-14.289071083068848
94,95,95,0.6,17.6,3,1.1,83,62.49255,-114.39003,0.8,POINT (634464.4609894343 6931769.721808631),-14.289071083068848
95,96,96,0.6,17.6,3,1.1,105,62.49256,-114.38997,0.8,POINT (634467.5059176255 6931770.960166089),-14.289071083068848
96,97,97,0.6,18.9,12,4.0,88,62.49281,-114.3915,0.8,POINT (634387.5875050044 6931795.61102109),
97,98,98,0.6,18.8,10,4.0,131,62.49265,-114.39103,0.8,POINT (634412.5118800411 6931778.774326716),-14.337563514709473
98,99,99,0.6,18.8,10,4.0,79,62.49256,-114.39066,0.8,POINT (634431.9715447593 6931769.523637004),-14.306386947631836
99,100,100,0.6,18.7,5,2.0,174,62.49255,-114.39019,0.8,POINT (634456.221132867 6931769.388674185),-14.289071083068848
100,101,101,0.6,18.7,7,3.0,225,62.49251,-114.39018,0.8,POINT (634456.9161808491 6931764.955786951),-14.289071083068848
101,102,102,0.6,18.7,10,3.0,259,62.49246,-114.39028,0.8,POINT (634451.9913257565 6931759.180452652),-14.306386947631836
102,103,103,0.6,18.7,9,3.0,237,62.49245,-114.39047,0.8,POINT (634442.2514745994 6931757.671467781),-14.306386947631836
103,104,104,0.6,18.7,11,4.0,183,62.49231,-114.39064,0.8,POINT (634434.1266831765 6931741.729592562),-14.26829719543457
104,105,105,0.7,18.2,14,5.0,27,62.49113,-114.39921,0.9,POINT (633998.0681066262 6931592.533999771),-14.185254096984863
105,106,106,0.7,17.9,12,4.0,330,62.49227,-114.40021,0.9,POINT (633941.4544702526 6931717.390730269),-14.330633163452148
106,107,107,0.7,17.4,12,4.0,241,62.49,-114.39975,0.9,POINT (633975.3250099821 6931465.595911492),-14.105748176574707
107,108,108,0.7,17.4,12,4.0,234,62.48995,-114.39996,0.9,POINT (633964.7334487205 6931459.593120739),-14.085020065307617
108,109,109,0.7,19.4,11,4.0,106,62.49305,-114.39391,0.9,POINT (634262.396798295 6931817.320497379),-14.27868366241455
109,110,110,0.7,19.4,11,4.0,110,62.49302,-114.39371,0.9,POINT (634272.8313245056 6931814.396033674),-14.27522087097168
110,111,111,0.7,16.9,12,4.0,215,62.48875,-114.40105,0.9,POINT (633913.9733188534 6931323.720701039),-13.995256423950195
111,112,112,0.8,18.2,13,5.0,23,62.49124,-114.39908,1.0,POINT (634004.2698745672 6931605.051487155),
112,113,113,0.8,17.9,12,4.0,336,62.49207,-114.40003,1.0,POINT (633951.6213212684 6931695.495434687),-14.313313484191895
113,114,114,0.8,18.4,13,5.0,130,62.49338,-114.39761,1.0,POINT (634070.3715666793 6931846.376752201),-14.26829719543457
114,115,115,0.8,17.4,12,4.0,241,62.49005,-114.39955,1.0,POINT (633985.4014975028 6931471.577989526),-14.105748176574707
115,116,116,0.8,17.4,9,3.0,58,62.48975,-114.39974,1.0,POINT (633976.9612526055 6931437.780871965),-14.105748176574707
116,117,117,0.8,17.3,10,4.0,62,62.4924,-114.39089,1.0,POINT (634420.84678273 6931751.230042595),-14.302923202514648
117,118,118,0.8,19.3,11,4.0,113,62.49298,-114.39351,1.0,POINT (634283.3108274145 6931810.358173873),-14.27868366241455
118,119,119,0.8,18.9,13,5.0,90,62.49281,-114.39175,1.0,POINT (634374.7128323521 6931795.090804029),
119,120,120,0.8,18.8,11,4.0,105,62.49259,-114.39087,1.0,POINT (634421.0217263615 6931772.426789626),-14.337563514709473
120,121,121,0.8,18.6,11,4.0,168,62.49222,-114.39065,1.0,POINT (634434.016742005 6931731.687932003),-14.26829719543457
121,122,122,0.8,18.6,9,3.0,163,62.49203,-114.39052,1.0,POINT (634441.5668567121 6931710.803443562),-14.254450798034668
122,123,123,0.9,18.1,15,5.0,53,62.49068,-114.4002,1.1,POINT (633949.0991777005 6931540.375809599),-14.116113662719727
123,124,124,0.9,18.1,15,5.0,50,62.49083,-114.39974,1.1,POINT (633972.1176270423 6931558.031468213),-14.154133796691895
124,125,125,0.9,18.2,14,5.0,38,62.49092,-114.39952,1.1,POINT (633983.0444599576 6931568.508758757),-14.157590866088867
125,126,126,0.9,18.2,14,5.0,31,62.49102,-114.39935,1.1,POINT (633991.3512688559 6931579.995776601),-14.185254096984863
126,127,127,0.9,17.4,12,4.0,239,62.49011,-114.39935,1.1,POINT (633995.4330944456 6931478.673529707),-14.105748176574707
127,128,128,0.9,17.3,10,4.0,59,62.49235,-114.39106,1.1,POINT (634412.3168826159 6931745.309066731),-14.302923202514648
128,129,129,0.9,19.4,12,4.0,79,62.49302,-114.39413,1.1,POINT (634251.2020039707 6931813.522842612),-14.27522087097168
129,130,130,0.9,18.6,11,4.0,156,62.49212,-114.39061,1.1,POINT (634436.5267960634 6931720.636929128),-14.254450798034668
130,131,131,0.9,18.5,7,2.0,211,62.49196,-114.39047,1.1,POINT (634444.4569202513 6931703.113545306),-14.254450798034668
131,132,132,1.0,18.1,15,5.0,55,62.49075,-114.39998,1.2,POINT (633960.115830767 6931548.626159728),-14.154133796691895
132,133,133,1.0,18.2,13,5.0,18,62.49135,-114.39899,1.2,POINT (634008.4115370093 6931617.485983472),-14.199089050292969
133,134,134,1.0,18.4,47,17.0,84,62.49331,-114.39742,1.2,POINT (634080.4703850094 6931838.977204096),-14.199089050292969
134,135,135,1.0,17.3,13,5.0,243,62.49016,-114.39913,1.2,POINT (634006.5395761812 6931484.697169639),-14.178337097167969
135,136,136,1.0,17.4,12,4.0,61,62.48979,-114.39958,1.2,POINT (633985.0225141561 6931442.566535063),-14.105748176574707
136,137,137,1.0,17.1,6,2.0,344,62.49267,-114.39969,1.2,POINT (633966.4403694365 6931763.006609779),-14.2648344039917
137,138,138,1.0,17.2,6,2.0,64,62.49272,-114.39973,1.2,POINT (633964.1561568165 6931768.490791559),-14.2648344039917
138,139,139,1.0,17.2,10,4.0,109,62.49274,-114.39963,1.2,POINT (633969.2163577182 6931770.925099522),-14.2648344039917
139,140,140,1.0,17.2,11,4.0,65,62.49231,-114.39125,1.2,POINT (634402.7119654845 6931740.459916465),-14.302923202514648
140,141,141,1.0,19.3,11,4.0,104,62.49294,-114.39331,1.2,POINT (634293.790356921 6931806.320346821),-14.27868366241455
141,142,142,1.0,19.0,12,4.0,87,62.4928,-114.39198,1.2,POINT (634362.9131155107 6931793.498820551),
142,143,143,1.0,18.5,8,3.0,251,62.4919,-114.39054,1.2,POINT (634441.1219577445 6931696.287257005),-14.254450798034668
143,144,144,1.0,18.5,10,4.0,285,62.49188,-114.39069,1.2,POINT (634433.4869325729 6931693.748144828),
144,145,145,1.0,18.5,13,5.0,282,62.4919,-114.39088,1.2,POINT (634423.6118764915 6931695.579497851),-14.268298149108887
145,146,146,1.0,16.7,13,5.0,269,62.48984,-114.39827,1.2,POINT (634052.2684803717 6931450.852195531),
146,147,147,1.0,17.0,12,4.0,226,62.4889,-114.40073,1.2,POINT (633929.7827501092 6931341.085755367),-14.022866249084473
147,148,148,1.0,17.0,12,4.0,223,62.48883,-114.40089,1.2,POINT (633921.8556416258 6931332.95993448),
148,149,149,1.1,17.9,12,4.0,321,62.49199,-114.39987,1.3,POINT (633960.2201221492 6931686.919862889),-14.289070129394531
149,150,150,1.1,18.4,7,3.0,158,62.49336,-114.39651,1.3,POINT (634127.1089957515 6931846.434044704),-14.285608291625977
150,151,151,1.1,17.3,12,4.0,241,62.49021,-114.39892,1.3,POINT (634017.1309852591 6931490.700095285),-14.17487907409668
151,152,152,1.1,17.1,8,3.0,304,62.49263,-114.39957,1.3,POINT (633972.799672992 6931758.801821683),-14.2648344039917
152,153,153,1.1,17.2,10,4.0,87,62.49231,-114.39145,1.3,POINT (634392.4120561415 6931740.043693859),-14.313313484191895
153,154,154,1.1,21.1,4,1.5,225,62.4934,-114.39711,1.3,POINT (634096.0306975413 6931849.64174486),-14.282145500183105
154,155,155,1.1,21.0,2,0.9,241,62.49337,-114.39717,1.3,POINT (634093.0755114052 6931846.176866971),-14.26829719543457
155,156,156,1.1,19.2,12,4.0,105,62.49292,-114.3931,1.3,POINT (634304.6949706934 6931804.530206185),-14.27868366241455
156,157,157,1.1,19.2,12,4.0,102,62.49289,-114.39289,1.3,POINT (634315.6445655376 6931801.626672849),-14.292533874511719
157,158,158,1.1,19.1,12,4.0,104,62.49287,-114.39267,1.3,POINT (634327.0641959207 6931799.85740383),-14.292533874511719
158,159,159,1.1,19.0,12,4.0,99,62.49282,-114.39221,1.3,POINT (634350.9784515044 6931795.247162897),
159,160,160,1.1,16.7,11,4.0,243,62.48981,-114.39875,1.3,POINT (634027.6811678279 6931446.515650876),-14.154133796691895
160,161,161,1.1,16.7,10,4.0,228,62.48977,-114.39895,1.3,POINT (634017.5598079618 6931441.646875903),-14.154133796691895
161,162,162,1.1,16.7,12,4.0,226,62.48971,-114.3991,1.3,POINT (634010.1033468684 6931434.655021943),-14.154133796691895
162,163,163,1.2,17.2,12,4.0,119,62.49271,-114.39944,1.4,POINT (633979.1357308291 6931767.978971146),-14.212925910949707
163,164,164,1.2,17.2,11,4.0,108,62.49233,-114.39165,1.4,POINT (634382.0221682843 6931741.854358368),-14.313313484191895
164,165,165,1.2,20.9,3,1.3,184,62.49336,-114.39721,1.4,POINT (634091.0604904993 6931844.980380438),-14.199089050292969
165,166,166,1.2,20.8,8,3.0,111,62.49333,-114.39722,1.4,POINT (634090.6801911285 6931841.619324952),-14.199089050292969
166,167,167,1.2,19.5,13,5.0,63,62.49297,-114.39435,1.4,POINT (634240.0970706623 6931807.498367686),-14.275221824645996
167,168,168,1.2,19.1,12,4.0,105,62.49285,-114.39244,1.4,POINT (634338.9988267394 6931798.108975999),
168,169,169,1.2,18.4,12,4.0,273,62.49193,-114.39112,1.4,POINT (634411.1168242153 6931698.420240544),-14.268298149108887
169,170,170,1.2,16.8,13,5.0,224,62.48963,-114.39926,1.4,POINT (634002.2215236295 6931425.415573437),-14.105748176574707
170,171,171,1.3,18.2,13,5.0,13,62.49146,-114.3989,1.5,POINT (634012.553164606 6931629.9204854),-14.199089050292969
171,172,172,1.3,17.3,12,4.0,232,62.49028,-114.39873,1.5,POINT (634026.6025602492 6931498.888410222),-14.17487907409668
172,173,173,1.3,17.0,12,4.0,297,62.49258,-114.39937,1.5,POINT (633983.323788642 6931753.649587449),-14.240606307983398
173,174,174,1.3,17.3,12,4.0,116,62.49266,-114.39924,1.5,POINT (633989.6598296473 6931762.826757118),-14.212925910949707
174,175,175,1.3,17.1,8,3.0,190,62.49299,-114.39889,1.5,POINT (634006.2040078891 6931800.296220113),-14.157590866088867
175,176,176,1.3,17.1,10,4.0,143,62.49292,-114.39892,1.5,POINT (634004.9730967805 6931792.439948998),-14.209465980529785
176,177,177,1.3,17.2,12,4.0,124,62.49239,-114.39183,1.5,POINT (634372.482340252 6931748.160380412),-14.313313484191895
177,178,178,1.3,20.6,11,4.0,91,62.49331,-114.39706,1.5,POINT (634099.0096505424 6931839.724694617),-14.233685493469238
178,179,179,1.3,20.5,12,4.0,94,62.4933,-114.39684,1.5,POINT (634110.3840998644 6931839.068114929),-14.233685493469238
179,180,180,1.3,16.8,13,5.0,222,62.48955,-114.39943,1.5,POINT (633993.8246103916 6931416.155396048),-14.091928482055664
180,181,181,1.3,17.0,12,4.0,229,62.48897,-114.40055,1.5,POINT (633938.7399296397 6931349.25307427),-14.022866249084473
181,182,182,1.4,18.0,13,5.0,293,62.49189,-114.39945,1.6,POINT (633982.2987861913 6931676.656837139),-14.244067192077637
182,183,183,1.4,18.4,12,4.0,175,62.4933,-114.39646,1.6,POINT (634129.9533258919 6931839.857311785),-14.257912635803223
183,184,184,1.4,17.4,13,5.0,62,62.48985,-114.39938,1.6,POINT (633995.0542046931 6931449.662072994),-14.105748176574707
184,185,185,1.4,17.3,12,4.0,86,62.49001,-114.39844,1.6,POINT (634042.7500038864 6931469.427657865),-14.254450798034668
185,186,186,1.4,17.0,13,5.0,301,62.49253,-114.39915,1.6,POINT (633994.8779247636 6931748.538883571),-14.240606307983398
186,187,187,1.4,17.0,11,4.0,258,62.49305,-114.39851,1.6,POINT (634025.5042310134 6931807.765388407),-14.157590866088867
187,188,188,1.4,17.0,10,4.0,246,62.49303,-114.39872,1.6,POINT (634014.779292725 6931805.102717333),-14.157590866088867
188,189,189,1.4,17.2,11,4.0,122,62.49244,-114.39201,1.6,POINT (634362.9875312019 6931753.353001654),-14.29599666595459
189,190,190,1.4,20.4,12,4.0,98,62.4933,-114.3966,1.6,POINT (634122.7436114326 6931839.566541642),-14.233685493469238
190,191,191,1.4,20.3,12,4.0,111,62.49328,-114.39638,1.6,POINT (634134.1629776955 6931837.796612918),-14.257912635803223
191,192,192,1.4,20.2,11,4.0,118,62.49324,-114.39616,1.6,POINT (634145.6721807206 6931833.799863253),-14.257912635803223
192,193,193,1.4,20.0,10,4.0,133,62.49312,-114.39585,1.6,POINT (634162.1755769514 6931821.082684088),
193,194,194,1.4,17.9,12,4.0,153,62.49121,-114.39277,1.6,POINT (634329.3792465078 6931614.820334017),-14.237146377563477
194,195,195,1.4,17.8,12,4.0,152,62.49111,-114.39266,1.6,POINT (634335.4941177322 6931603.914863102),-14.230225563049316
195,196,196,1.4,17.8,9,3.0,147,62.49102,-114.39255,1.6,POINT (634341.5640534945 6931594.122830976),-14.230225563049316
196,197,197,1.4,17.7,10,4.0,209,62.49095,-114.39245,1.6,POINT (634347.029054435 6931586.536862202),-14.230225563049316
197,198,198,1.4,17.5,14,5.0,259,62.49081,-114.39357,1.6,POINT (634289.9762616819 6931568.619424231),-14.237146377563477
198,199,199,1.4,16.7,13,5.0,257,62.48984,-114.39851,1.6,POINT (634039.9075268693 6931450.354046553),
199,200,200,1.5,18.0,12,4.0,300,62.49193,-114.39967,1.7,POINT (633970.7892830959 6931680.65415528),-14.289070129394531
200,201,201,1.5,17.3,12,4.0,223,62.49036,-114.39857,1.7,POINT (634034.4841267997 6931508.12791964),-14.17487907409668
201,202,202,1.5,17.3,12,4.0,80,62.49,-114.39868,1.7,POINT (634030.433986363 6931467.816112634),-14.178337097167969
202,203,203,1.5,17.3,12,4.0,116,62.49261,-114.39902,1.7,POINT (634001.2139461152 6931757.716075446),-14.212925910949707
203,204,204,1.5,16.9,11,4.0,264,62.49306,-114.3983,1.7,POINT (634036.2740281336 6931809.314663179),-14.119569778442383
204,205,205,1.5,17.2,12,4.0,125,62.49285,-114.3988,1.7,POINT (634011.4669969557 6931784.894940645),-14.143763542175293
205,206,206,1.5,20.1,11,4.0,142,62.4932,-114.39597,1.7,POINT (634155.6364693241 6931829.740831304),
206,207,207,1.5,19.9,11,4.0,108,62.49306,-114.3957,1.7,POINT (634170.1698303567 6931814.713736709),-14.264835357666016
207,208,208,1.5,19.7,12,4.0,101,62.49297,-114.39505,1.7,POINT (634204.0481299106 6931806.043483123),-14.271759033203125
208,209,209,1.5,19.5,12,4.0,79,62.49295,-114.39458,1.7,POINT (634228.3422969775 6931804.793432709),-14.275221824645996
209,210,210,1.5,17.7,12,4.0,249,62.49086,-114.39255,1.7,POINT (634342.2836165112 6931576.307984825),-14.230225563049316
210,211,211,1.5,17.6,14,5.0,267,62.49083,-114.39277,1.7,POINT (634331.0880657127 6931572.510069773),-14.247528076171875
211,212,212,1.5,17.6,14,5.0,270,62.49082,-114.39304,1.7,POINT (634317.2274530651 6931570.83505585),-14.247528076171875
212,213,213,1.5,16.7,13,5.0,275,62.48979,-114.39749,1.7,POINT (634092.666004953 6931446.904345933),
213,214,214,1.5,17.0,12,4.0,227,62.48904,-114.40039,1.7,POINT (633946.666956746 6931357.37893635),
214,215,215,1.6,18.0,13,5.0,304,62.49183,-114.39924,1.8,POINT (633993.3830284979 6931670.41194731),-14.244067192077637
215,216,216,1.6,18.3,11,4.0,144,62.49319,-114.39644,1.8,POINT (634131.4772569416 6931827.651119977),-14.257912635803223
216,217,217,1.6,17.4,14,5.0,69,62.4899,-114.39915,1.8,POINT (634006.6758272555 6931455.706460536),-14.178337097167969
217,218,218,1.6,17.4,13,5.0,64,62.48994,-114.3989,1.8,POINT (634019.3723474415 6931460.678962186),-14.178337097167969
218,219,219,1.6,17.3,10,4.0,66,62.49002,-114.39821,1.8,POINT (634054.5509751933 6931471.018491223),-14.254450798034668
219,220,220,1.6,17.3,11,4.0,91,62.49006,-114.39803,1.8,POINT (634063.6421221672 6931475.845862299),-14.254450798034668
220,221,221,1.6,17.3,12,4.0,83,62.49006,-114.39782,1.8,POINT (634074.4578744955 6931476.281818245),-14.27522087097168
221,222,222,1.6,17.0,14,5.0,313,62.49244,-114.39895,1.8,POINT (634005.581560608 6931738.932993196),-14.161048889160156
222,223,223,1.6,17.4,12,4.0,120,62.49256,-114.39881,1.8,POINT (634012.2531063957 6931752.584682018),-14.161048889160156
223,224,224,1.6,16.9,13,5.0,271,62.49305,-114.39805,1.8,POINT (634049.1935100676 6931808.72013953),-14.119569778442383
224,225,225,1.6,17.2,11,4.0,120,62.49279,-114.39862,1.8,POINT (634021.0059912708 6931778.587891757),-14.143763542175293
225,226,226,1.6,17.2,13,5.0,110,62.49248,-114.39224,1.8,POINT (634350.9627681887 6931757.328201085),-14.32024097442627
226,227,227,1.6,19.7,12,4.0,105,62.493,-114.39527,1.8,POINT (634192.5836806111 6931808.926603027),-14.271759033203125
227,228,228,1.6,18.4,12,4.0,261,62.49193,-114.39135,1.8,POINT (634399.2717783162 6931697.941559002),-14.268298149108887
228,229,229,1.6,18.0,12,4.0,155,62.49131,-114.39286,1.8,POINT (634324.2944386872 6931625.767414846),-14.237146377563477
229,230,230,1.6,17.5,13,5.0,267,62.49082,-114.39331,1.8,POINT (634303.3218698613 6931570.273528084),-14.237146377563477
230,231,231,1.6,16.8,13,5.0,260,62.48981,-114.39723,1.8,POINT (634105.9672711007 6931449.671081915),-14.212925910949707
231,232,232,1.6,16.7,13,5.0,278,62.48982,-114.39801,1.8,POINT (634065.7492678883 6931449.165047776),
232,233,233,1.7,17.3,11,4.0,220,62.49044,-114.39843,1.9,POINT (634041.3355895523 6931517.325936951),-14.237146377563477
233,234,234,1.7,17.3,11,4.0,34,62.49007,-114.39759,1.9,POINT (634086.2588119069 6931477.872764505),-14.27522087097168
234,235,235,1.7,16.9,14,5.0,310,62.49236,-114.39875,1.9,POINT (634016.2403909685 6931730.44056787),-14.161048889160156
235,236,236,1.7,17.4,12,4.0,123,62.49251,-114.3986,1.9,POINT (634023.2923017647 6931747.45332488),-14.161048889160156
236,237,237,1.7,16.9,13,5.0,279,62.49304,-114.3978,1.9,POINT (634062.1129991598 6931808.125666007),-14.119569778442383
237,238,238,1.7,17.1,13,5.0,108,62.49252,-114.39248,1.9,POINT (634338.4230434988 6931761.282641642),-14.32024097442627
238,239,239,1.7,16.7,14,5.0,282,62.4898,-114.39775,1.9,POINT (634079.2300717458 6931447.477954503),
239,240,240,1.7,16.8,12,4.0,217,62.48946,-114.3996,1.9,POINT (633985.4724997496 6931405.781809162),-14.091928482055664
240,241,241,1.7,16.9,13,5.0,219,62.48938,-114.39974,1.9,POINT (633978.6206317721 6931396.583911866),-14.091928482055664
241,242,242,1.7,16.9,13,5.0,221,62.48929,-114.39989,1.9,POINT (633971.2985204216 6931386.25185322),-14.06429672241211
242,243,243,1.7,16.9,12,4.0,222,62.4892,-114.40005,1.9,POINT (633963.4613104742 6931375.899067942),-14.06429672241211
243,244,244,1.8,18.1,12,4.0,307,62.49176,-114.39906,2.0,POINT (634002.9671540549 6931662.991412669),-14.226764678955078
244,245,245,1.8,18.2,8,3.0,195,62.49295,-114.39532,2.0,POINT (634190.2333868826 6931803.255558755),-14.271759033203125
245,246,246,1.8,17.2,12,4.0,28,62.49016,-114.39747,2.0,POINT (634092.0352513762 6931488.142792422),-14.289070129394531
246,247,247,1.8,16.9,13,5.0,315,62.49228,-114.39858,2.0,POINT (634025.3542822981 6931721.885915447),-14.192171096801758
247,248,248,1.8,16.8,14,5.0,289,62.493,-114.39755,2.0,POINT (634075.1671572775 6931804.190950554),-14.129938125610352
248,249,249,1.8,17.3,12,4.0,121,62.49274,-114.39843,2.0,POINT (634031.0151398312 6931773.415055349),-14.143763542175293
249,250,250,1.8,17.1,12,4.0,101,62.49254,-114.3927,2.0,POINT (634327.0032749968 6931763.05187311),-14.29599666595459
250,251,251,1.8,19.6,12,4.0,89,62.49295,-114.39482,2.0,POINT (634215.9826518698 6931804.294614907),-14.275221824645996
251,252,252,1.8,18.3,12,4.0,244,62.49187,-114.39182,2.0,POINT (634375.3365947306 6931690.282949097),
252,253,253,1.8,18.3,13,5.0,238,62.49182,-114.39203,2.0,POINT (634364.7464378504 6931684.27886834),-14.240607261657715
253,254,254,1.8,17.0,13,5.0,238,62.49003,-114.39555,2.0,POINT (634191.5057025123 6931477.656252645),-14.178337097167969
254,255,255,1.9,17.3,12,4.0,231,62.49051,-114.39825,2.1,POINT (634050.2919990011 6931525.493565414),-14.237146377563477
255,256,256,1.9,17.2,12,4.0,37,62.49025,-114.39736,2.1,POINT (634097.2966204984 6931498.392066579),-14.26829719543457
256,257,257,1.9,16.8,13,5.0,327,62.49208,-114.39832,2.1,POINT (634039.6416944535 6931700.156912874),-14.161048889160156
257,258,258,1.9,16.8,13,5.0,331,62.49218,-114.39845,2.1,POINT (634032.4979663538 6931711.021406695),-14.192171096801758
258,259,259,1.9,17.4,12,4.0,122,62.49245,-114.3984,2.1,POINT (634033.8614100898 6931741.18781814),-14.161048889160156
259,260,260,1.9,17.4,11,4.0,104,62.49239,-114.39819,2.1,POINT (634044.9455544269 6931734.943101048),-14.116114616394043
260,261,261,1.9,17.3,12,4.0,99,62.49268,-114.39824,2.1,POINT (634041.069195468 6931767.128817737),-14.091928482055664
261,262,262,1.9,17.3,14,5.0,104,62.49266,-114.398,2.1,POINT (634053.5187303843 6931765.400122158),-14.091928482055664
262,263,263,1.9,17.1,9,3.0,85,62.49253,-114.39288,2.1,POINT (634317.7783895759 6931761.564053431),-14.29599666595459
263,264,264,1.9,19.8,12,4.0,106,62.49303,-114.3955,2.1,POINT (634180.604268888 6931811.788984522),-14.264835357666016
264,265,265,1.9,18.4,13,5.0,250,62.49191,-114.39159,2.1,POINT (634387.001708407 6931695.215255164),-14.271759033203125
265,266,266,1.9,18.2,14,5.0,225,62.49169,-114.39244,2.1,POINT (634344.2159426007 6931668.951328188),-14.240607261657715
266,267,267,1.9,17.0,13,5.0,220,62.49012,-114.39539,2.1,POINT (634199.341964745 6931488.009586167),-14.178337097167969
267,268,268,1.9,16.8,13,5.0,258,62.48984,-114.39698,2.1,POINT (634118.7085823277 6931453.530533802),-14.212925910949707
268,269,269,1.9,16.9,12,4.0,228,62.48912,-114.40021,2.1,POINT (633955.5792101193 6931366.659733273),-14.06429672241211
269,270,270,2.0,18.3,12,4.0,119,62.49311,-114.39631,2.2,POINT (634138.5312858969 6931819.013697039),-14.257912635803223
270,271,271,2.0,18.1,13,5.0,196,62.49288,-114.39536,2.2,POINT (634188.4879206363 6931795.378435943),-14.271759033203125
271,272,272,2.0,17.2,11,4.0,41,62.49034,-114.39721,2.2,POINT (634104.6180781731 6931508.724410333),-14.26829719543457
272,273,273,2.0,16.9,10,4.0,41,62.49026,-114.39603,2.2,POINT (634165.7509985901 6931502.267843034),-14.188713073730469
273,274,274,2.0,16.8,12,4.0,344,62.49033,-114.39591,2.2,POINT (634171.6169803813 6931510.311153259),-14.188713073730469
274,275,275,2.0,16.8,14,5.0,325,62.49198,-114.39816,2.2,POINT (634048.3304748815 6931689.354704499),-14.195630073547363
275,276,276,2.0,17.4,12,4.0,69,62.49236,-114.39798,2.2,POINT (634055.8951022681 6931732.038712926),-14.116114616394043
276,277,277,2.0,16.9,11,4.0,55,62.491,-114.39391,2.2,POINT (634271.6114818631 6931589.067611143),-14.192171096801758
277,278,278,2.0,16.8,10,4.0,27,62.49106,-114.39373,2.2,POINT (634280.6121032797 6931596.122439675),-14.223304748535156
278,279,279,2.0,16.8,9,3.0,345,62.49114,-114.39364,2.2,POINT (634284.8876298871 6931605.217005536),-14.219844818115234
279,280,280,2.0,16.8,13,5.0,309,62.49286,-114.39712,2.2,POINT (634097.9400363443 6931789.495734222),-14.185254096984863
280,281,281,2.0,16.8,13,5.0,301,62.49293,-114.39733,2.2,POINT (634086.8110645786 6931796.853704698),-14.129938125610352
281,282,282,2.0,17.3,14,5.0,107,62.49264,-114.39774,2.2,POINT (634066.9982630489 6931763.712992821),-14.102293014526367
282,283,283,2.0,17.1,12,4.0,348,62.492,-114.39259,2.2,POINT (634335.0967024844 6931703.155564569),-14.264835357666016
283,284,284,2.0,17.1,9,3.0,332,62.49238,-114.39291,2.2,POINT (634316.9079200504 6931744.800233446),-14.285608291625977
284,285,285,2.0,17.1,6,2.0,13,62.49245,-114.39299,2.2,POINT (634312.4732030043 6931752.427844897),-14.285608291625977
285,286,286,2.0,17.1,5,2.0,51,62.4925,-114.39296,2.2,POINT (634313.7933520516 6931758.05738062),-14.29599666595459
286,287,287,2.0,18.2,14,5.0,230,62.49176,-114.39224,2.2,POINT (634354.2012219829 6931677.161393896),-14.240607261657715
287,288,288,2.0,18.1,13,5.0,218,62.4916,-114.39263,2.2,POINT (634334.835564618 6931658.53523824),-14.237146377563477
288,289,289,2.0,18.0,12,4.0,170,62.49141,-114.3929,2.2,POINT (634321.7847181289 6931636.81849828),-14.237146377563477
289,290,290,2.0,16.9,14,5.0,255,62.48997,-114.39575,2.2,POINT (634181.4744889056 6931470.560116794),-14.185254096984863
290,291,291,2.1,18.3,12,4.0,111,62.49306,-114.39611,2.3,POINT (634149.0555028403 6931813.861986127),-14.240607261657715
291,292,292,2.1,18.2,6,2.0,99,62.49296,-114.39544,2.3,POINT (634184.008638748 6931804.119644567),-14.264835357666016
292,293,293,2.1,17.3,13,5.0,232,62.49058,-114.39805,2.3,POINT (634060.2784177884 6931533.702735439),-14.237146377563477
293,294,294,2.1,17.1,10,3.0,74,62.49041,-114.39707,2.3,POINT (634111.5142481644 6931516.80914408),-14.271759033203125
294,295,295,2.1,16.9,12,4.0,117,62.49031,-114.39624,2.3,POINT (634154.7107837209 6931507.398737628),-14.226765632629395
295,296,296,2.1,16.7,14,5.0,330,62.49187,-114.39803,2.3,POINT (634055.5191746894 6931677.376813021),-14.195630073547363
296,297,1,2.1,17.4,12,4.0,59,62.4924,-114.39777,2.3,POINT (634066.5304881893 6931736.928375635),-14.133393287658691
297,298,2,2.1,17.4,9,3.0,89,62.49246,-114.39757,2.3,POINT (634076.5610759193 6931744.024172481),-14.133393287658691
298,299,3,2.1,16.8,8,3.0,344,62.49121,-114.39368,2.3,POINT (634282.5128920702 6931612.927831784),-14.219844818115234
299,300,4,2.1,16.8,13,5.0,311,62.49278,-114.39693,2.3,POINT (634108.0839784956 6931780.982837271),-14.167963981628418
300,301,5,2.1,17.3,14,5.0,107,62.4926,-114.39748,2.3,POINT (634080.5675887149 6931759.799056765),-14.102293014526367
301,302,6,2.1,17.1,11,4.0,17,62.49191,-114.39265,2.3,POINT (634332.4114382565 6931693.009905063),-14.244067192077637
302,303,7,2.1,17.1,12,4.0,341,62.4921,-114.39264,2.3,POINT (634332.0719809681 6931714.185839318),-14.261373519897461
303,304,8,2.1,17.1,11,4.0,336,62.4922,-114.39271,2.3,POINT (634328.0172808683 6931725.174515866),-14.285608291625977
304,305,9,2.1,17.1,11,4.0,328,62.49229,-114.3928,2.3,POINT (634322.9775813706 6931735.008169696),-14.285608291625977
305,306,10,2.1,18.1,12,4.0,208,62.49151,-114.39279,2.3,POINT (634327.0001552831 6931648.181575246),-14.237146377563477
306,307,11,2.1,17.4,13,5.0,246,62.49079,-114.39383,2.3,POINT (634276.6755934861 6931565.851945549),-14.237146377563477
307,308,12,2.1,16.8,13,5.0,255,62.48986,-114.39675,2.3,POINT (634130.4646883132 6931456.235066231),-14.216385841369629
308,309,13,2.2,18.1,13,5.0,197,62.49277,-114.39544,2.4,POINT (634184.8621876938 6931782.964482233),-14.271759033203125
309,310,14,2.2,17.3,12,4.0,232,62.49065,-114.39787,2.4,POINT (634069.2347358726 6931541.870415986),-14.278682708740234
310,311,15,2.2,17.1,12,4.0,106,62.49044,-114.39689,2.4,POINT (634120.6500875307 6931520.523243196),-14.271759033203125
311,312,16,2.2,17.0,12,4.0,114,62.49041,-114.39667,2.4,POINT (634132.1154297637 6931517.639865991),-14.237146377563477
312,313,17,2.2,17.0,13,5.0,117,62.49036,-114.39646,2.4,POINT (634143.1555736382 6931512.508897126),-14.226765632629395
313,314,18,2.2,16.8,15,5.0,332,62.49043,-114.39597,2.4,POINT (634168.077661586 6931521.320795678),-14.195630073547363
314,315,19,2.2,16.7,15,5.0,333,62.49164,-114.39778,2.4,POINT (634069.4265940348 6931652.286884502),-14.240606307983398
315,316,20,2.2,16.7,14,5.0,334,62.49176,-114.39791,2.4,POINT (634062.192916451 6931665.378177524),-14.195630073547363
316,317,21,2.2,17.4,10,4.0,126,62.49246,-114.3974,2.4,POINT (634085.3159793476 6931744.377128214),-14.133393287658691
317,318,22,2.2,17.4,10,4.0,133,62.49241,-114.39724,2.4,POINT (634093.780349832 6931739.142190628),-14.133393287658691
318,319,23,2.2,16.9,12,4.0,72,62.49096,-114.39414,2.4,POINT (634259.9458329929 6931584.135715991),-14.192171096801758
319,320,24,2.2,16.8,12,4.0,344,62.49128,-114.39373,2.4,POINT (634279.6231498765 6931620.617866956),-14.219844818115234
320,321,25,2.2,16.8,13,5.0,310,62.4927,-114.39673,2.4,POINT (634118.7429619813 6931772.490738705),-14.167963981628418
321,322,26,2.2,17.3,12,4.0,106,62.49257,-114.39723,2.4,POINT (634093.5770634534 6931756.977842055),-14.102293014526367
322,323,27,2.2,17.3,13,5.0,110,62.49254,-114.397,2.4,POINT (634105.5565769197 6931754.115145966),-14.195630073547363
323,324,28,2.2,17.3,13,5.0,111,62.4925,-114.39677,2.4,POINT (634117.5810134532 6931750.139062576),-14.195630073547363
324,325,29,2.2,17.1,11,4.0,80,62.49189,-114.39286,2.4,POINT (634321.6863170806 6931690.346246157),-14.244067192077637
325,326,30,2.2,17.0,13,5.0,211,62.49022,-114.39526,2.4,POINT (634205.5881528938 6931499.414024595),-14.178337097167969
326,327,31,2.3,18.2,11,4.0,98,62.49298,-114.39566,2.5,POINT (634172.5891237175 6931805.88940369),-14.264835357666016
327,328,32,2.3,18.1,13,5.0,199,62.49266,-114.39551,2.5,POINT (634181.7514141444 6931770.57131061),-14.271759033203125
328,329,33,2.3,17.3,13,5.0,219,62.49074,-114.39771,2.5,POINT (634077.0711935721 6931552.223459587),-14.264835357666016
329,330,34,2.3,16.8,14,5.0,329,62.49055,-114.3961,2.5,POINT (634160.8433494642 6931534.411880098),-14.195630073547363
330,331,35,2.3,16.6,13,5.0,330,62.49153,-114.39765,2.5,POINT (634076.6154395025 6931640.309037276),-14.240606307983398
331,332,36,2.3,17.4,13,5.0,137,62.49234,-114.39709,2.5,POINT (634101.8195411637 6931731.659648236),-14.195630073547363
332,333,37,2.3,16.9,12,4.0,70,62.49093,-114.39436,2.5,POINT (634248.7502297703 6931580.338078715),-14.192171096801758
333,334,38,2.3,16.8,13,5.0,334,62.49139,-114.39379,2.5,POINT (634276.038600998 6931632.740826618),-14.219844818115234
334,335,39,2.3,16.8,14,5.0,312,62.49262,-114.39653,2.5,POINT (634129.4019994717 6931763.998673759),-14.240607261657715
335,336,40,2.3,17.3,14,5.0,114,62.49245,-114.39653,2.5,POINT (634130.1653791741 6931745.070361935),-14.257911682128906
336,337,41,2.3,17.1,13,5.0,110,62.49193,-114.3931,2.5,POINT (634309.1463883789 6931694.300799206),-14.244067192077637
337,338,42,2.3,16.9,13,5.0,258,62.48994,-114.39601,2.5,POINT (634168.2182673272 6931466.679647807),-14.185254096984863
338,339,43,2.4,18.2,12,4.0,111,62.49302,-114.39589,2.6,POINT (634160.5648062378 6931809.865286954),-14.264835357666016
339,340,44,2.4,18.1,13,5.0,208,62.49255,-114.39559,2.6,POINT (634178.1256210925 6931758.157365046),-14.271759033203125
340,341,45,2.4,17.4,12,4.0,213,62.49092,-114.39746,2.6,POINT (634089.1388110174 6931572.784260459),-14.264835357666016
341,342,46,2.4,17.3,12,4.0,213,62.49083,-114.39758,2.6,POINT (634083.3625332825 6931562.514235381),-14.264835357666016
342,343,47,2.4,16.6,12,4.0,327,62.49144,-114.39752,2.6,POINT (634083.7145591071 6931630.558066085),-14.25098991394043
343,344,48,2.4,17.4,13,5.0,140,62.49226,-114.39692,2.6,POINT (634110.9336607764 6931723.105227906),-14.233685493469238
344,345,49,2.4,17.3,12,4.0,138,62.49217,-114.39676,2.6,POINT (634119.5777279641 6931713.416633852),-14.233685493469238
345,346,50,2.4,16.8,13,5.0,333,62.49149,-114.3939,2.6,POINT (634269.9239737652 6931643.646404371),-14.212925910949707
346,347,51,2.4,16.8,13,5.0,305,62.49247,-114.39612,2.6,POINT (634151.1903187251 6931748.148847587),-14.257911682128906
347,348,52,2.4,16.8,13,5.0,312,62.49254,-114.39634,2.6,POINT (634139.5460982947 6931755.4858712),-14.240607261657715
348,349,53,2.4,17.3,14,5.0,108,62.4924,-114.39628,2.6,POINT (634143.264779917 6931740.022480208),-14.257911682128906
349,350,54,2.4,17.1,13,5.0,120,62.49203,-114.39356,2.6,POINT (634285.0067169899 6931704.478490382),-14.26829719543457
350,351,55,2.4,17.1,13,5.0,110,62.49197,-114.39334,2.6,POINT (634296.6064913804 6931698.255399212),-14.26829719543457
351,352,56,2.4,17.2,12,4.0,230,62.4906,-114.39441,2.6,POINT (634247.6581673007 6931543.490990046),
352,353,57,2.5,18.0,13,5.0,206,62.49244,-114.39571,2.7,POINT (634172.4398200549 6931745.660318125),-14.27522087097168
353,354,58,2.5,18.0,13,5.0,199,62.49234,-114.39583,2.7,POINT (634166.7090559499 6931734.276711226),-14.27522087097168
354,355,59,2.5,17.4,12,4.0,215,62.49119,-114.39706,2.7,POINT (634108.527481148 6931603.677462611),-14.27522087097168
355,356,60,2.5,17.4,12,4.0,215,62.4911,-114.39719,2.7,POINT (634102.2363058291 6931593.386637192),-14.27522087097168
356,357,61,2.5,17.4,12,4.0,214,62.49101,-114.39732,2.7,POINT (634095.9450894119 6931583.095824182),-14.27522087097168
357,358,62,2.5,16.7,15,5.0,326,62.49066,-114.39625,2.7,POINT (634152.6239491031 6931546.348004162),-14.244068145751953
358,359,63,2.5,16.7,14,5.0,322,62.49077,-114.39641,2.7,POINT (634143.8895814242 6931558.263376437),-14.244068145751953
359,360,64,2.5,16.6,14,5.0,324,62.49087,-114.39659,2.7,POINT (634134.1701336075 6931569.023800906),-14.244068145751953
360,361,65,2.5,16.6,14,5.0,329,62.49097,-114.39675,2.7,POINT (634125.4807864297 6931579.82579045),-14.254450798034668
361,362,66,2.5,16.6,8,3.0,315,62.49117,-114.39702,2.7,POINT (634110.6773369927 6931601.533667423),-14.27522087097168
362,363,67,2.5,16.6,10,3.0,314,62.49129,-114.39725,2.7,POINT (634098.2932569543 6931614.41722348),-14.27522087097168
363,364,68,2.5,16.6,12,4.0,328,62.49135,-114.39739,2.7,POINT (634090.8137183497 6931620.80710965),-14.25098991394043
364,365,69,2.5,17.3,12,4.0,139,62.49209,-114.3966,2.7,POINT (634128.1769406041 6931704.841491874),-14.271759033203125
365,366,70,2.5,17.0,12,4.0,101,62.49091,-114.39481,2.7,POINT (634225.6641956484 6931577.17584987),-14.17142105102539
366,367,71,2.5,16.9,12,4.0,73,62.49089,-114.39458,2.7,POINT (634237.5995402541 6931575.427050494),-14.17142105102539
367,368,72,2.5,16.7,13,5.0,309,62.4924,-114.39592,2.7,POINT (634161.8046009811 6931740.770314809),-14.27522087097168
368,369,73,2.5,17.3,13,5.0,102,62.49237,-114.39602,2.7,POINT (634156.7893912653 6931737.22228311),-14.27522087097168
369,370,74,2.5,17.3,13,5.0,105,62.49234,-114.39578,2.7,POINT (634169.2840359285 6931734.380589064),-14.27522087097168
370,371,75,2.5,17.2,13,5.0,112,62.4922,-114.39424,2.7,POINT (634249.2226076927 6931721.992998615),-14.271759033203125
371,372,76,2.5,17.2,14,5.0,122,62.49215,-114.39401,2.7,POINT (634261.2923021354 6931716.904002707),-14.271759033203125
372,373,77,2.5,17.2,13,5.0,119,62.49209,-114.39378,2.7,POINT (634273.4069868596 6931710.701621555),-14.271759033203125
373,374,78,2.5,17.3,12,4.0,220,62.49068,-114.39426,2.7,POINT (634255.0240077935 6931552.710242458),-14.20600700378418
374,375,79,2.5,17.2,13,5.0,237,62.49052,-114.39459,2.7,POINT (634238.7472032979 6931534.209395535),-14.188713073730469
375,376,80,2.5,16.8,13,5.0,255,62.48989,-114.39651,2.7,POINT (634142.6909118332 6931460.0738413),-14.216385841369629
376,377,81,2.6,18.1,12,4.0,317,62.49168,-114.39889,2.8,POINT (634012.0811778186 6931654.436722718),-14.202548027038574
377,378,82,2.6,17.9,13,5.0,199,62.49223,-114.39591,2.8,POINT (634163.0831559533 6931721.862783462),-14.271759033203125
378,379,83,2.6,17.9,13,5.0,202,62.49212,-114.39599,2.8,POINT (634159.4572249446 6931709.448860068),-14.271759033203125
379,380,84,2.6,17.8,14,5.0,203,62.49201,-114.39608,2.8,POINT (634155.3162611704 6931697.014167462),-14.271759033203125
380,381,85,2.6,17.8,14,5.0,205,62.4919,-114.39619,2.8,POINT (634150.1452552015 6931684.537934877),-14.27522087097168
381,382,86,2.6,17.7,14,5.0,206,62.49178,-114.3963,2.8,POINT (634145.0191150466 6931670.948280968),-14.27522087097168
382,383,87,2.6,17.7,13,5.0,203,62.49167,-114.39642,2.8,POINT (634139.3330143746 6931658.451294463),-14.271759033203125
383,384,88,2.6,17.6,13,5.0,209,62.49156,-114.39652,2.8,POINT (634134.6768865651 6931645.995858617),-14.271759033203125
384,385,89,2.6,17.6,13,5.0,214,62.49146,-114.39664,2.8,POINT (634128.9457946355 6931634.612320945),-14.264835357666016
385,386,90,2.6,17.5,12,4.0,215,62.49137,-114.39678,2.8,POINT (634122.139734406 6931624.300687034),-14.27522087097168
386,387,91,2.6,17.5,12,4.0,215,62.49128,-114.39692,2.8,POINT (634115.3336299099 6931613.989067592),-14.27522087097168
387,388,92,2.6,16.6,12,4.0,325,62.49108,-114.39689,2.8,POINT (634117.776631888 6931591.782767233),-14.27522087097168
388,389,93,2.6,16.6,10,4.0,320,62.49122,-114.39713,2.8,POINT (634104.7876868248 6931606.872392334),-14.27522087097168
389,390,94,2.6,17.3,12,4.0,142,62.49201,-114.39644,2.8,POINT (634136.7761965469 6931696.266371705),-14.271759033203125
390,391,95,2.6,17.3,12,4.0,145,62.49192,-114.3963,2.8,POINT (634144.3903978253 6931686.536299616),-14.27522087097168
391,392,96,2.6,17.3,12,4.0,144,62.49183,-114.39616,2.8,POINT (634152.0046417825 6931676.806244548),-14.27522087097168
392,393,97,2.6,17.0,12,4.0,136,62.49108,-114.39513,2.8,POINT (634208.4197611855 6931595.439091697),-14.178337097167969
393,394,98,2.6,17.0,13,5.0,139,62.491,-114.39497,2.8,POINT (634217.0194899244 6931586.864174388),-14.17142105102539
394,395,99,2.6,16.8,13,5.0,333,62.49159,-114.39402,2.8,POINT (634263.2943752771 6931654.531202797),-14.212925910949707
395,396,100,2.6,16.8,12,4.0,325,62.49169,-114.39413,2.8,POINT (634257.1798242554 6931665.436803278),-14.244067192077637
396,397,101,2.6,16.8,11,4.0,315,62.49178,-114.39427,2.8,POINT (634249.5652384926 6931675.166621149),-14.244067192077637
397,398,102,2.6,16.8,7,3.0,297,62.49185,-114.39441,2.8,POINT (634242.0405773753 6931682.669598151),-14.237146377563477
398,399,103,2.6,16.8,13,5.0,311,62.49224,-114.39552,2.8,POINT (634183.1231509745 6931723.78649034),-14.271759033203125
399,400,104,2.6,16.7,13,5.0,308,62.49232,-114.39572,2.8,POINT (634172.4638489792 6931732.278385762),-14.27522087097168
400,401,105,2.6,17.3,13,5.0,108,62.49231,-114.39553,2.8,POINT (634182.2937004948 6931731.559719458),-14.27522087097168
401,402,106,2.6,17.2,14,5.0,101,62.49227,-114.39529,2.8,POINT (634194.8333184971 6931727.604691301),-14.282145500183105
402,403,107,2.6,17.2,14,5.0,95,62.49225,-114.39503,2.8,POINT (634208.3131027464 6931725.918132171),-14.282145500183105
403,404,108,2.6,17.2,13,5.0,96,62.49224,-114.39475,2.8,POINT (634222.7779633608 6931725.386624612),-14.285608291625977
404,405,109,2.6,17.2,13,5.0,103,62.49223,-114.39449,2.8,POINT (634236.2128366251 6931724.813607488),-14.271759033203125
405,406,110,2.6,17.3,12,4.0,237,62.49074,-114.39405,2.8,POINT (634265.5698366463 6931559.827395249),-14.20600700378418
406,407,111,2.7,17.3,13,5.0,146,62.49174,-114.39602,2.9,POINT (634159.6189284185 6931667.076206498),-14.261373519897461
407,408,112,2.7,17.1,12,4.0,142,62.49116,-114.39527,2.9,POINT (634200.8501082063 6931604.055591512),-14.178337097167969
408,409,113,2.7,16.8,7,2.0,306,62.49188,-114.39454,2.9,POINT (634235.2107073748 6931685.739661623),-14.237146377563477
409,410,114,2.7,16.7,11,4.0,307,62.49197,-114.39478,2.9,POINT (634222.44620784 6931695.261685401),-14.271759033203125
410,411,115,2.7,16.8,12,4.0,308,62.49203,-114.39496,2.9,POINT (634212.9065796649 6931701.56816297),-14.26829719543457
411,412,116,2.7,16.8,13,5.0,311,62.4921,-114.39515,2.9,POINT (634202.8070593784 6931708.967315927),-14.26829719543457
412,413,117,2.7,16.8,13,5.0,310,62.49217,-114.39534,2.9,POINT (634192.7075839294 6931716.3664991),-14.26829719543457
413,414,118,2.7,17.1,12,4.0,212,62.49031,-114.39513,2.9,POINT (634211.8792233029 6931509.705046196),-14.178337097167969
414,415,119,2.8,17.3,12,4.0,144,62.49164,-114.39588,3.0,POINT (634167.278173266 6931656.23275581),-14.244068145751953
415,416,120,2.8,17.2,12,4.0,151,62.49156,-114.39574,3.0,POINT (634174.847629725 6931647.616181474),-14.244068145751953
416,417,121,2.8,17.2,12,4.0,153,62.49146,-114.39563,3.0,POINT (634180.9619312892 6931636.710432399),-14.244068145751953
417,418,122,2.8,17.1,12,4.0,148,62.49136,-114.39552,3.0,POINT (634187.07627011 6931625.804694228),-14.188712120056152
418,419,123,2.8,17.1,13,5.0,151,62.49127,-114.39539,3.0,POINT (634194.1757514179 6931616.053955011),-14.188712120056152
419,420,124,2.8,16.7,9,3.0,308,62.49192,-114.39465,3.0,POINT (634229.365919821 6931689.964737892),-14.237146377563477
420,421,125,2.8,16.9,13,5.0,258,62.48992,-114.39626,3.0,POINT (634155.4321469758 6931463.933434751),-14.185254096984863
421,422,126,3.0,17.1,12,4.0,235,62.49046,-114.3948,3.2,POINT (634228.2012356455 6931527.092329416),-14.188713073730469
422,423,127,3.0,17.1,12,4.0,217,62.4904,-114.39499,3.2,POINT (634218.6852818839 6931520.016863205),-14.188713073730469
